filename,type,value
MICITT-DGDCFD-DRII-AT-264-2023.pdf,md5,4a03238e31e3e90b38870ffc0a3ceb3b
MICITT-DGDCFD-DRII-AT-264-2023.pdf,md5,d9f5a846726f11ae2f785f55842c630f
MICITT-DGDCFD-DRII-AT-264-2023.pdf,md5,beffdd959b1f7e11e1c2b31af2804a07
MICITT-DGDCFD-DRII-AT-264-2023.pdf,md5,fb3de0512d1ee5f615edee5ef3206a95
MICITT-DGDCFD-DRII-AT-264-2023.pdf,md5,6ffa106ac8d923ca32bc6162374f488b
MICITT-DGDCFD-DRII-AT-264-2023.pdf,sha256,8449f58ebb84db076809e6701e7195202a3f77dc2ef8a0809451b585c9194d6e
MICITT-DGDCFD-DRII-AT-264-2023.pdf,sha256,33ed458fe38e7caf6d3d0f2b91d18a62e476546617bd60480d4f7ab066640f44
MICITT-DGDCFD-DRII-AT-264-2023.pdf,sha256,d7bb5c90b0336b6351ec64ecb11cfc7feefc2d293bc19df6cbe83e0f57324bc5
MICITT-DGDCFD-DRII-AT-264-2023.pdf,sha256,89e2d0e6d30ca70ca21ae7613b4dc29e021ac7810cb94647bf4b8f13c19e1dff
MICITT-DGDCFD-DRII-AT-264-2023.pdf,sha256,2ccdee010cecfeb1fafc1656816209bb9ee95d83b5167f34ef15e8abfab89e45
MICITT-DGDCFD-DRII-AT-264-2023.pdf,sha256,672e093d20a03fa9a4a91d4689beb0a1b93ab17c6cda1c527a86e3db8bb09348
MICITT-DGDCFD-DRII-AT-264-2023.pdf,sha256,aadf94d677fc0710a44b7452368a04c791c154ee644147b58068a00711d98723
MICITT-DGDCFD-DRII-AT-264-2023.pdf,sha256,cfb328b2278a42d6117d23041ec5a8ecd7b494f92066162a45986ae2f5058b1e
MICITT-DGDCFD-DRII-AT-264-2023.pdf,sha256,2b31a64f7d221dfd8ac33edaf101a4c1ac73f36dcd7abb976517fb1e90750544
MICITT-DGDCFD-DRII-AT-264-2023.pdf,sha256,fd30a43766ebb0005c6ad601cfacc6a219ba5c70cb32e4346d8da8dcbdb7ac97
MICITT-DGDCFD-DRII-AT-264-2023.pdf,sha256,84eb544b4a29f43e424bd7fa7bc82f00c85026f60bbe0ffa110372d7c232433f
MICITT-DGDCFD-DRII-AT-264-2023.pdf,sha256,340a759b1c1cdc22f6fac84044d072475e1630fbb7f47d96c4e18413de34d570
MICITT-DGDCFD-DRII-AT-264-2023.pdf,sha256,e083a6989f62788e11476e893ac98a9a9e70ed125903ad23f5c85f55464b0e67
MICITT-DGDCFD-DRII-AT-264-2023.pdf,sha256,bbab96aeb38f8c35cbb8e95976bbefa62cee70cb9f272c4f40cd227ab7153ffe
MICITT-DGDCFD-DRII-AT-264-2023.pdf,sha256,f001f2c08cca553eb3a68cbce46954749a304a3d3b5a9b7853f9f98a356d8955
MICITT-DGDCFD-DRII-AT-264-2023.pdf,sha256,cac82566e9167dc82b09308d05194bfc1ce6441a27b51756024c8b6477d75401
MICITT-DGDCFD-DRII-AT-264-2023.pdf,sha256,47e870e2d1a123b74c470b0e01ed75ef196c714aeed8739f77ac6e56430dba35
MICITT-DGDCFD-DRII-AT-264-2023.pdf,sha256,fc74e8faf8772293f2947c803c5309c64310c38d8e3f8efe18271004a9b96bba
MICITT-DGDCFD-DRII-AT-264-2023.pdf,sha256,d9cdf4004d47f38aed6be2c05cb7c725530c3c8b8a46589b15d5eb3a98bb4ddd
MICITT-DGDCFD-DRII-AT-264-2023.pdf,sha256,3d2c39385f1d4b1ab690c524091644f344dac8abc8249af9c8ac54d0b2d51b87
MICITT-DGDCFD-DRII-AT-264-2023.pdf,sha256,714e0ed61b0ae779af573dce32cbc4d70d23ca6cfe117b63f53ed3627d121feb
MICITT-DGDCFD-DRII-AT-264-2023.pdf,sha256,ed0632acb266a4ec3f51dd803c8025bccd654e53c64eb613e203c590897079b3
MICITT-DGDCFD-DRII-AT-264-2023.pdf,sha256,dc70cecd5c5839b63d755e1dfcdbe6e0db6aedb694635c5600aa50cc15e0c11e
MICITT-DGDCFD-DRII-AT-264-2023.pdf,sha256,bb426461ef70ffd601cb64a687c62edda066b99a79e49d880918300da5eb6548
MICITT-DGDCFD-DRII-AT-264-2023.pdf,sha256,c7edf93b93d377f76965c177c2f4278f15ecf6dcb077d1641c5f30e5cbe0ca6b
MICITT-DGDCFD-DRII-AT-264-2023.pdf,sha256,7bed2fb3176716bd5f0a077cf8a670f6dbdf9d90d0091dc40a25f7c7bf4ab038
MICITT-DGDCFD-DRII-AT-264-2023.pdf,sha256,715cd8f5ce329b92ed0361a50ce7cc90e7b34746380542c040b85d09d3a4fcff
MICITT-DGDCFD-DRII-AT-264-2023.pdf,sha256,ff6c917c572fe95cf773aed882aa424dbee87946d6e1d5a55b429427a3b8d3e1
MICITT-DGDCFD-DRII-AT-264-2023.pdf,sha256,b5f49e1c799698d8cc869299db5dd237dde5bd1bd79e309a91f9462b2910be06
MICITT-DGDCFD-DRII-AT-264-2023.pdf,sha256,061c271c0617e56aeb196c834fcab2d24755afa50cd95cc6a299d76be496a858
MICITT-DGDCFD-DRII-AT-264-2023.pdf,sha256,1f233fdb94239fa884321a91d14342c1a66e64ce02dc64378cb7c53669d5ea28
MICITT-DGDCFD-DRII-AT-264-2023.pdf,sha256,5cd04805f9753ca08b82e88c27bf5426d1d356bb26b281885573051048911367
MICITT-DGDCFD-DRII-AT-264-2023.pdf,sha256,5634140992891d2382fa103031b96023b75470ecd1bf0cf88006a45e63ef41bc
MICITT-DGDCFD-DRII-AT-264-2023.pdf,sha256,ce9e0918d56424d9565d78aeb40fc7ac3117e9e4116e664b35356fc600ced3e9
MICITT-DGDCFD-DRII-AT-264-2023.pdf,sha256,4367007de8752a8e735f3092d0d574fe120ab6205b28a0ba3b125cd2ba906be7
MICITT-DGDCFD-DRII-AT-264-2023.pdf,sha256,43e2afedf3f3a5ea9bb238180a76b66695235465cce0c4aa6a440bd262adba63
MICITT-DGDCFD-DRII-AT-264-2023.pdf,sha256,c15aedd520ea6c57768c2c00abe19bef9842d55582dd705ea56bc260b6773284
MICITT-DGDCFD-DRII-AT-264-2023.pdf,sha256,6f0f702fc0f0a5420a1dbaf1aa88b13b557bebc2631a4157b8e026d80f7651b2
MICITT-DGDCFD-DRII-AT-264-2023.pdf,sha256,257413c17f63500a76f9d0216a8dee283021299a61dc0539e6e870fd5d78177b
MICITT-DGDCFD-DRII-AT-264-2023.pdf,sha256,9ed67405f135b6c558f14a16da02b1a1f424944a38206cbe012e8b013d10a402
MICITT-DGDCFD-DRII-AT-264-2023.pdf,sha256,adabf8c1798432b766260ac42ccdd78e0a4712384618a2fc2e3695ff975b0246
MICITT-DGDCFD-DRII-AT-264-2023.pdf,sha256,0c1d1a60a0fc143c9fc830be48c53d488b414921cf4d97d66466ff2a628d1b4d
MICITT-DGDCFD-DRII-AT-264-2023.pdf,sha256,3c9806addbf998f7c896cac424ea9832a3019814f5de2aa774a34ccce6a81c7c
MICITT-DGDCFD-DRII-AT-264-2023.pdf,sha256,33db5b2a2cc592fd10c65ba38396e4c7574ad78e786d78e8a3acdc93a90c3209
MICITT-DGDCFD-DRII-AT-264-2023.pdf,sha256,41c1cad44c0a9aa37b33ff2269ab3232a4efcb34c21234f1b773eb5a53289c5c
MICITT-DGDCFD-DRII-AT-264-2023.pdf,sha256,c95c8b01e7a58afbae1b0c3a795108ae46b22c3867680dcdb883ca97e6f092a0
MICITT-DGDCFD-DRII-AT-264-2023.pdf,sha256,aa07611ce06d7482c1d2d2f26c8721d6833718abd72360b81598bc2935811dcb
MICITT-DGDCFD-DRII-AT-264-2023.pdf,sha256,bbe2063bd1c92ccc4cc3b0320ca484909ba0db5e44e508249b8ec24237404b1d
MICITT-DGDCFD-DRII-AT-264-2023.pdf,sha256,596cc8ad39f13ae9811f8413e30931378679c4f6fc8074963ed73d3ab4c58836
MICITT-DGDCFD-DRII-AT-264-2023.pdf,sha256,b79fafd53b60fc65a404910a6faf34a3eba0eb2d0e44a6d9949439a525ff666a
MICITT-DGDCFD-DRII-AT-264-2023.pdf,sha256,193dd17a8db33b76f3dccc5eb97a6c939cf60ec6e814eb4312ed903b7b9e39c7
MICITT-DGDCFD-DRII-AT-264-2023.pdf,sha256,dbb3a665f9460343eb7625f8625815179e63aaa83f91b9283a296142ec4b2bbb
MICITT-DGDCFD-DRII-AT-264-2023.pdf,sha256,236f2a9fcc1176a802946828029465d054626f92d258015f8abccdc52d2365e7
MICITT-DGDCFD-DRII-AT-264-2023.pdf,sha256,887aac61771af200f7e58bf0d02cb96d9befa11deda4e448f0a700ccb186ce9d
MICITT-DGDCFD-DRII-AT-264-2023.pdf,sha256,ebea18a2f0840080d033fb9eb3c54a91eb73f0138893e6c29eb7882bf74c1c30
MICITT-DGDCFD-DRII-AT-264-2023.pdf,sha256,77a3aefb336c76f444cc00d3c9e3c16f9a7e6a4ddc93bd64837ed0d28c7ed161
MICITT-DGDCFD-DRII-AT-264-2023.pdf,sha256,b57e90f3f5326920735a5ebc884b4ad1b28e97b48bba4615ab6e7092ea386bd2
MICITT-DGDCFD-DRII-AT-264-2023.pdf,sha256,ebe2b19437b965394a2e0b19e5b19e19511c99e78849327c29069711891826b4
MICITT-DGDCFD-DRII-AT-264-2023.pdf,sha256,5b0f61b42e9a6c238c7028751bf75c484778219cf88a7c5007c2a49e14351e70
MICITT-DGDCFD-DRII-AT-264-2023.pdf,sha256,85d93e67bb5ef875c98bbb8301409cbddc320c4865a85e5d35913f2335b5080f
MICITT-DGDCFD-DRII-AT-264-2023.pdf,sha256,5699d20b8f7f27f82707b8f745c713437357cfe409432b8dc966fa223be8f7b4
MICITT-DGDCFD-DRII-AT-264-2023.pdf,sha256,29547f7ced48000841e1ee6e5da03bcfb21722d9e60687356ab2d1e000733f21
MICITT-DGDCFD-DRII-AT-264-2023.pdf,sha256,1879e3de43de8a859b70dd612dc479305f4cc66d60dba5919039a5a637c67ba5
MICITT-DGDCFD-DRII-AT-264-2023.pdf,sha256,beb762d325c6c8ae3cb3876c6491913a51a2a79f336bf0509641e1ad9bddbaec
MICITT-DGDCFD-DRII-AT-264-2023.pdf,sha256,53ba07dd7be4664a0b5b92b99b0ce843b1afb156a338d5f5ed1215cdccdc582c
MICITT-DGDCFD-DRII-AT-264-2023.pdf,sha256,6a11b49472e5ea497098f11ab66bde3fb6fa1a6762b73cf08f1dfa83efae22e6
MICITT-DGDCFD-DRII-AT-264-2023.pdf,sha256,bc0c04ddae3ebbef24cb1e0a41cccd777d14e811e5f8fd71f02eb55d121b3762
MICITT-DGDCFD-DRII-AT-264-2023.pdf,sha256,389f2000a22e839ddafb28d9cf522b0b71e303e0ae89e5fc2cd5b53ae9256848
MICITT-DGDCFD-DRII-AT-264-2023.pdf,sha256,72067f1ace09f18f6e16fd813f10a6f31b369ae9194b35bc80902aa65aae7df6
MICITT-DGDCFD-DRII-AT-264-2023.pdf,sha256,f139bc8f71a483ba058e2577ef5952b85a74cebd302632a121e4bbc0d96bb953
MICITT-DGDCFD-DRII-AT-264-2023.pdf,sha256,aa4dfc81848c1cbe087eef5660a2303edd20f9fe2396ca556281525dc6e64d84
MICITT-DGDCFD-DRII-AT-264-2023.pdf,sha256,ec833e37264c772de689338f22b307bc864390e62d1cd1d7a8bb6d9bd3da8883
MICITT-DGDCFD-DRII-AT-264-2023.pdf,sha256,765c376e51bc3a430a92f5ecab03788a8c9ea4edf592bf8397cb61639e94c696
MICITT-DGDCFD-DRII-AT-264-2023.pdf,sha256,824c50180b77c7f5cf863a6c1410ea424c9ef0f0a655aab9511bf37753a59a32
MICITT-DGDCFD-DRII-AT-264-2023.pdf,sha256,7d0b3f35f4916e7b988b912715e2e02bc49f6603dfa765a51b8662511868c25a
MICITT-DGDCFD-DRII-AT-264-2023.pdf,sha256,4e03bbfc8f1ee64cdb089524e76cdc866aa140003042f30e12284b7a4c6adf5f
MICITT-DGDCFD-DRII-AT-264-2023.pdf,sha256,a503b46e481888e739a03ce39104d838d6a4dda1a14f1df24be80ed9e366bc3e
MICITT-DGDCFD-DRII-AT-264-2023.pdf,sha256,ea528b844f185ddcfbcfd25b9022b95bae3ee2de5f3a508e2d45afb25aeb0dcd
MICITT-DGDCFD-DRII-AT-264-2023.pdf,sha256,89e506213a457aa7687ce505bd7170640853f5f5ea68934650ce905f6defccfd
MICITT-DGDCFD-DRII-AT-264-2023.pdf,sha256,1fede186e9d9666ce4eff1882ce3bdca66c9a121ea9773d8e57747912e8ad57e
MICITT-DGDCFD-DRII-AT-264-2023.pdf,sha256,902bee70e33744a3146fbddf8a73b3fffe70a2b36ae45c0f3a55392361c09037
MICITT-DGDCFD-DRII-AT-264-2023.pdf,sha256,c17a35991e99e677010cd71c86ab2cd87540a1e133c7ab6e0ed6b35cefd4462c
MICITT-DGDCFD-DRII-AT-264-2023.pdf,sha256,3aa75da2773573786f07530f5a09b8e0aacd0402fd11e14d8067b5f4607bbd6a
MICITT-DGDCFD-DRII-AT-264-2023.pdf,sha256,cf744b04076cd5ee456c956d95235b68c2ec3e2f221329c45eac96f97974720a
MICITT-DGDCFD-DRII-AT-264-2023.pdf,sha256,0423fd21a639d16d71c50b15fdf96b7e19690583b2aee6f25443329d0e8ea0eb
MICITT-DGDCFD-DRII-AT-264-2023.pdf,sha256,59a737ef20b99970df266fb18b092c3ea948359a08c3d870c657c8bf01091f32
MICITT-DGDCFD-DRII-AT-264-2023.pdf,sha256,7c854a125b0d2613bbfcd1fb3664c03c61bc3787ec8bde6be11a2f75692da268
MICITT-DGDCFD-DRII-AT-264-2023.pdf,sha256,57befac41319e7e1fc9d6cd5637240fa766bdbc562d7720bb04beee36113ae10
MICITT-DGDCFD-DRII-AT-264-2023.pdf,sha256,0db96ea2df0cfb73b7f8c4567f0fd30582720a9fea360666a346e54a8838f98e
MICITT-DGDCFD-DRII-AT-264-2023.pdf,sha256,fcfdcc89028c85d0a9ef894f5bd7f17984b9b1dcb798933ce23fca46e9d87d90
MICITT-DGDCFD-DRII-AT-264-2023.pdf,sha256,b7298af9dc02c079aefe56b1f84b3dc28045d3ae841715cd6f0f87568c1c51c6
MICITT-DGDCFD-DRII-AT-264-2023.pdf,sha256,38befee4c4513de47e667544d9f705f56c195393b116fcd154755c1f7815ae55
MICITT-DGDCFD-DRII-AT-264-2023.pdf,sha256,fc7392fccf5f4d587240bd9bbfd97e5bcdd9337cd68b7da06b11eb081fb6f569
MICITT-DGDCFD-DRII-AT-264-2023.pdf,sha256,03c2c9fb9c320044c7c3185d3f82cda2624c9544eaa648594e6d544129f890b0
MICITT-DGDCFD-DRII-AT-264-2023.pdf,sha256,37bae5e29633f171616988fd64cfae9038cf8167677879a0c4cb4ed4761b9ebf
MICITT-DGDCFD-DRII-AT-264-2023.pdf,sha256,25a123b61e025429fe9f17f7ee8a52e4860c4a3bc46252d8716a2cd5050fb77d
MICITT-DGDCFD-DRII-AT-264-2023.pdf,sha256,6906172ca7a2d7ecbb60ad4658d18864eed682e8061449269c92136795af15f9
MICITT-DGDCFD-DRII-AT-264-2023.pdf,sha256,a57d7925b3e9af6ec01adc18aba2e0f419b51e724f5dab0f1c744f0fe55093ba
MICITT-DGDCFD-DRII-AT-264-2023.pdf,sha256,8cfad47521642927f7ab5f7401445393ab916fe2f67072b44cadfa89c11a40fe
MICITT-DGDCFD-DRII-AT-264-2023.pdf,sha256,fac31a8e978c8f3b5765ae8a2a03aec1fd2dde3ddade6d7c92d2d077d058d803
MICITT-DGDCFD-DRII-AT-264-2023.pdf,sha256,4fa7baa5cb631a837e5a22ae8f0505fb569a46e2622c551c793bf9450378315c
MICITT-DGDCFD-DRII-AT-264-2023.pdf,sha256,133c28bfc7382f204a6f791fd86c7c5df54fe3a0200e29dfdf5b676a8dc3964a
MICITT-DGDCFD-DRII-AT-264-2023.pdf,sha256,05f89ee96dfb25ad33d195b29262a8763b0b49c3f940d0d206bc1f0a189a1b21
MICITT-DGDCFD-DRII-AT-264-2023.pdf,sha256,77f2ce52ce4c7b9501d3d0bf1c987d5fc7bc09a9ad7ed66b7e8b9e73167bf8eb
MICITT-DGDCFD-DRII-AT-264-2023.pdf,sha256,7d2f338e631518226af04bd9608e452202634cd565d48c506ef6e23bfedccb6d
MICITT-DGDCFD-DRII-AT-264-2023.pdf,sha256,3af96098ccb1063f1538e255f328e78f9556e29cd0563c53d2a73569759b5d0e
MICITT-DGDCFD-DRII-AT-264-2023.pdf,sha256,4b8dbe4d5a5547c30971cda34392a943c11964e43f62325dd753620744063b8d
MICITT-DGDCFD-DRII-AT-264-2023.pdf,sha256,2362e52e347d77a6b101b80057d9770e44a44599889385a83822625901631583
MICITT-DGDCFD-DRII-AT-264-2023.pdf,sha256,c80b9eaec33249302be9f38eb6ad9212a82197d853e15450d672f363f5fdd81e
MICITT-DGDCFD-DRII-AT-264-2023.pdf,sha256,40570e998a0f16239e1587de3812da51f58a972d21685f1a90c69282645a46b4
MICITT-DGDCFD-DRII-AT-264-2023.pdf,sha256,e159aea81405eada05aac7c55a7527e734f7af37f1ae9b51af290ccf46463ca0
MICITT-DGDCFD-DRII-AT-264-2023.pdf,sha256,f2648196feaed0a7a4b1f4c2521a07c952d7667225ade823dc0540564ef1ec14
MICITT-DGDCFD-DRII-AT-264-2023.pdf,sha256,71745ceae53e4f707af4586118966aff02f0bc64584363c34f527a10dbc58f2b
MICITT-DGDCFD-DRII-AT-264-2023.pdf,sha256,957b7f7039ef6b3c84f374b6b602466cb196e50e477a37e012423b7a9d72aa7f
MICITT-DGDCFD-DRII-AT-264-2023.pdf,sha256,22ecf75f81c4e67a889f0f89adee960deb071e289b84c4cb6002d744b08f2492
MICITT-DGDCFD-DRII-AT-264-2023.pdf,sha256,d75c2552b45954a50553b8faf899b5da3833b850cbe59c0f45be1ca658a16419
MICITT-DGDCFD-DRII-AT-264-2023.pdf,sha256,e825f22c39e34c849ff89304e80f69f2c3fc7e6c9fbff82cbadb4a2028f28cfe
MICITT-DGDCFD-DRII-AT-264-2023.pdf,sha256,4ee21b5fd8597e494ae9510f440a1d5bbcdb01bc653226e938df4610ee691f3a
MICITT-DGDCFD-DRII-AT-264-2023.pdf,sha256,ab7b61e71a709463e790e91b1f390a0bb1e002d77f64a55eaba1017e34db93f9
MICITT-DGDCFD-DRII-AT-264-2023.pdf,sha256,aa96b7f6516f3f8d7d63d61a30b3af156b92b3e8dace05c8953dcf82ac96a3c6
MICITT-DGDCFD-DRII-AT-264-2023.pdf,sha256,85c3946865956212fd235e18a29e49d47315e3ca913e4a5e2644ed48566cae0e
MICITT-DGDCFD-DRII-AT-264-2023.pdf,sha256,117766cbd5236c18ed77661ff57975c7f8f303c478fa5b676eb5b0421f88a654
MICITT-DGDCFD-DRII-AT-264-2023.pdf,sha256,ad738ad2b402c8918bdfcf0b90c9d3aad7802a62cea735d522351bca5bf8d1d7
MICITT-DGDCFD-DRII-AT-264-2023.pdf,sha256,59caddee475f201e235ba6a3fb6176db53e3c08a3cbb982bce0d8d5f7059f732
MICITT-DGDCFD-DRII-AT-264-2023.pdf,sha256,c012156914003f60744671be38a8758aadc9aa3431d60ad8a1a05577c76ced1e
MICITT-DGDCFD-DRII-AT-264-2023.pdf,sha256,c94fa0a47554ecb45552a5e3121d9bebefa8c01384dc0781c5167c4870afa6c5
MICITT-DGDCFD-DRII-AT-264-2023.pdf,sha256,bcdac1a2b67e2b47f8129814dca3bcf7d55404757eb09f1c3103f57da3153ec8
MICITT-DGDCFD-DRII-AT-264-2023.pdf,sha256,eea9b416ba98ec333e14a8e13db5eba5ee1b9ad6e9c1e8b2882d5f7feea4560e
MICITT-DGDCFD-DRII-AT-264-2023.pdf,sha256,85f67196f7f8ac8d855818e6d13c6e09c58950b739e8be79a1dfdd33cbc298c6
MICITT-DGDCFD-DRII-AT-264-2023.pdf,sha256,bf1c63b89d75f1a8dec193761bcd3f7188bd5c520c435698645874fc5e24d5f6
MICITT-DGDCFD-DRII-AT-264-2023.pdf,sha256,a6886a3566a1a98072d67f1aca4a04b5667f97f4df21b2f54d6108293d7c02b7
MICITT-DGDCFD-DRII-AT-264-2023.pdf,sha256,e8da7fe5cead9d6b51e373b065909557d96b2fc8041fd8c7aced25b6373c3058
MICITT-DGDCFD-DRII-AT-264-2023.pdf,sha256,6173e77438ab03089ea688eade0d801c4083a7c73e9cb1e7c4f57ae0c6034832
MICITT-DGDCFD-DRII-AT-264-2023.pdf,sha256,3040e0a9ae4d9a49947f7a41c36378b340c50b1774f09cb04b8226331587c3d1
MICITT-DGDCFD-DRII-AT-264-2023.pdf,sha256,1d9df55ca8b3dda301a4e6a23586e06b39c86adb1196802aa7787b6c49e15e37
MICITT-DGDCFD-DRII-AT-264-2023.pdf,sha256,b883d0faf8a9f2396a311b6005ab68073ff0e6a09cafbdc7b58a8439d52409a1
MICITT-DGDCFD-DRII-AT-264-2023.pdf,sha256,ced936078694b372e34cc07a4407300e84612aef49c5363cb03503cbbc1c7d0a
MICITT-DGDCFD-DRII-AT-264-2023.pdf,sha256,fe9eedcca3c7a9818bb6b06ed79b83dd34d476afbe4e87e44cd8d3c44d19401e
MICITT-DGDCFD-DRII-AT-264-2023.pdf,sha256,32863daa615afbb3e90e3dad35ad47199050333a2aaed57e5065131344206fe1
MICITT-DGDCFD-DRII-AT-264-2023.pdf,sha256,4fb3399cf3ea5d250bd5460d78f34e7c9b65da03b92f0336c4cd29d44df8e4a2
MICITT-DGDCFD-DRII-AT-264-2023.pdf,sha256,a27ec19811e8c7cdec7d993851813a8f40c3632f57c74c21219bd6141c32036a
MICITT-DGDCFD-DRII-AT-264-2023.pdf,sha256,5d6dac0c7c3fe4891bb4b8d3ada9caaa72dcedf8ec83025331700f208bb493f6
MICITT-DGDCFD-DRII-AT-264-2023.pdf,sha256,0fa7c98d793b8c71d6ba29bde4fd449e497b246f92ab30403330fae3d8cb6ffd
MICITT-DGDCFD-DRII-AT-264-2023.pdf,sha256,2f72550c99a297558235caa97d025054f70a276283998d9686c282612ebdbea0
MICITT-DGDCFD-DRII-AT-264-2023.pdf,sha256,c20292af49b1f51fac1de7fd4b5408ed053e3ebfcb4f0566a2d4e7fafadde757
MICITT-DGDCFD-DRII-AT-264-2023.pdf,sha256,e3bf41de3a7edf556d43b6196652aa036e48a602bb3f7c98af9dae992222a8eb
MICITT-DGDCFD-DRII-AT-264-2023.pdf,sha256,bc1c5fecadc752001826b736810713a86cfa64979b3420ab63fe97ba7407f068
MICITT-DGDCFD-DRII-AT-264-2023.pdf,sha256,c2d814a34b184b7cdf10e4e7a4311ff15db99326d6dd8d328b53bf9e19ccf858
MICITT-DGDCFD-DRII-AT-264-2023.pdf,sha256,6af28eb96fe081e131079417fab6b8d4a6460a2cb6e532c14af45e1531d796b1
MICITT-DGDCFD-DRII-AT-264-2023.pdf,sha256,ce9471862c9e1d6bdf484b1649c3908e3be375cd6aec927e3f8ec3bd4b68c551
MICITT-DGDCFD-DRII-AT-264-2023.pdf,sha256,8a8a19dfedb6e5e58aa574c0ee022ede031fca179b921424f1a0e799f1892953
MICITT-DGDCFD-DRII-AT-264-2023.pdf,sha256,19a9a43b36d2ed6516e4b1d8368cb3af64362507d2b30f4cb742fbe50780ee89
MICITT-DGDCFD-DRII-AT-264-2023.pdf,sha256,f168d4dbcc2a3e70e6c75a70404a62173e46b24f18ccfdb8593f68e9ecaebf08
MICITT-DGDCFD-DRII-AT-264-2023.pdf,sha256,1cc0a616bc320b52f75825cca6815ce8e24f39fe15f028839d405eef49e8f93c
MICITT-DGDCFD-DRII-AT-264-2023.pdf,sha256,3a28ab7a97566ccc466297db6de6a8c0a6380fb5509030a868d48aec1fe56f72
MICITT-DGDCFD-DRII-AT-264-2023.pdf,sha256,7efe8c83ab4ba8773421d7f897a1c490214118f7924d5a45868b070cae6899dd
MICITT-DGDCFD-DRII-AT-264-2023.pdf,sha256,dc70e94f681692e880a8b69feef5a9a7ab5142f2b1fafd76bee9fd6c2df86055
MICITT-DGDCFD-DRII-AT-264-2023.pdf,sha256,04234564fe449d51f7e685455fcfafb3b7721a0b7d1551e3a370f579a3530e04
MICITT-DGDCFD-DRII-AT-264-2023.pdf,sha256,03e8b29ad5055f1dda1b0e9353dc2c1421974eb3d0a115d0bb35c7d76f50de20
MICITT-DGDCFD-DRII-AT-264-2023.pdf,sha256,a16b21ba6cc1b3370a3628832f9fdfbfbdc231d6ad58146793894f0222374e94
MICITT-DGDCFD-DRII-AT-264-2023.pdf,sha256,120b092e8d8212a7c0e796ac320dd10c56c8b801aa8fb234cb577d5f0dabc05c
MICITT-DGDCFD-DRII-AT-264-2023.pdf,sha256,a1c0a123b7eac435a5a7a67c65ad6af2e12f80687126b83c9642fc04e24d2542
MICITT-DGDCFD-DRII-AT-264-2023.pdf,sha256,a9934cc506821e82237fdaf471f845e1e027b37841d635f971b8df6853e9d7f9
MICITT-DGDCFD-DRII-AT-264-2023.pdf,sha256,8ca6d4d0d27c950e7bc234bc16b0a89bf9122ac5b708fa215ce7bf4009387350
MICITT-DGDCFD-DRII-AT-264-2023.pdf,sha256,5d0be9aaad980137d68677d7ef3758d9ce7a4e2d170df0abee803f64b14dcd67
MICITT-DGDCFD-DRII-AT-264-2023.pdf,sha256,cfe6b53554aaf19a2adf3a64ac5133705d6529396de72a80f88a9446ed5ccc6f
MICITT-DGDCFD-DRII-AT-264-2023.pdf,sha256,0c8647bc13b9e0e2dfb799d48156aac763906cfa8d68c782554ccbebae7f1ace
MICITT-DGDCFD-DRII-AT-264-2023.pdf,sha256,15224adeae393be5d06378ed32605d677e8c529a395f9bf2ade9b0163d886c49
MICITT-DGDCFD-DRII-AT-264-2023.pdf,sha256,35d99e0bc26a29a4e8a4b3a0fee0724a494675b76745dbadbc2f8afa81c5ac49
MICITT-DGDCFD-DRII-AT-264-2023.pdf,sha256,810576224c148d673f47409a34bd8c7f743295d536f6d8e95f22ac278852a45f
MICITT-DGDCFD-DRII-AT-264-2023.pdf,sha256,b7c3de90d8731a8644b37f11312ee0a5ba0948fd2e60ed823cb7af135a08d875
MICITT-DGDCFD-DRII-AT-264-2023.pdf,sha256,5bd64a7b018db5b4538d8077ad7a50871dc6c5682a1f151cc5e8a42673e4384f
MICITT-DGDCFD-DRII-AT-264-2023.pdf,sha256,eec6a525969ad2cf8a8f899bb830a99bb8755e08b01d00aaf1f3e7023a62a0ba
MICITT-DGDCFD-DRII-AT-264-2023.pdf,sha256,ec87f0a2d3bfa3e685e961aaed68df89f825ac08759363c27a3a55fd03d93f6f
MICITT-DGDCFD-DRII-AT-264-2023.pdf,sha256,6a5f68075a632240a04af8768c3f63eb1fb92db95c325f1fe4bfa12d8820eb5c
MICITT-DGDCFD-DRII-AT-264-2023.pdf,sha256,f96f6bb2c40df51c4543d11bae706bcab13aac87509e7bba3d49b820fd51d571
MICITT-DGDCFD-DRII-AT-264-2023.pdf,sha256,896c5898ce95f078e8246f62ccd4b7da07959b2884362fa9c1933712aedeb553
MICITT-DGDCFD-DRII-AT-264-2023.pdf,sha256,24d90fe0ed3e201726947dccbe0a1b500fcd43d44c21bc203df844e2ce063952
MICITT-DGDCFD-DRII-AT-264-2023.pdf,sha256,8595d98ac51b43f0bb857e742204f0e2729497cfa48df985e018d4b9d16bc379
MICITT-DGDCFD-DRII-AT-264-2023.pdf,sha256,da89d50220da32060ef38546d1160162637ff72e3c3fa2268febca9331eb5adc
MICITT-DGDCFD-DRII-AT-264-2023.pdf,sha256,6006eb8d6fb0ab76887393462493cf0cba84846ea029f4ff3121227e19b697a6
MICITT-DGDCFD-DRII-AT-264-2023.pdf,sha256,b21b7787a1470def53d9d19754220a3c6e6bd0ee7760644b2c0169eaef13bd8e
MICITT-DGDCFD-DRII-AT-264-2023.pdf,sha256,c781c56d8c8daedbed9a15fb2ece165b96fdda1a85d3beeba6bb3bc23e917c90
MICITT-DGDCFD-DRII-AT-264-2023.pdf,sha256,a7244954aa33a3d0bbdc5bf098d546135f1b90545ad649f83eb0fe96b741c296
MICITT-DGDCFD-DRII-AT-264-2023.pdf,sha256,cf743c6f34fc6af42104b480fd0ef79cdfb0da3d1d2c6e113fe7cf8792b237b0
MICITT-DGDCFD-DRII-AT-264-2023.pdf,sha256,3d74af3883a13e67984fdb593aace7fa0371cd8a2cc1de05b18292c8e88973bb
MICITT-DGDCFD-DRII-AT-264-2023.pdf,sha256,ba71ddcab00697f42ccc7fc67c7a4fccb92f6b06ad02593a972d3beb8c01f723
MICITT-DGDCFD-DRII-AT-264-2023.pdf,sha256,f093b0006ef5ac52aa1d51fee705aa3b7b10a6af2acb4019b7bc16da4cabb5a1
MICITT-DGDCFD-DRII-AT-264-2023.pdf,sha256,f7b7f524138f10ad3b0d8145997db4ee5c90e7d8f76281cfc4a32bc427833236
MICITT-DGDCFD-DRII-AT-264-2023.pdf,sha256,d5c4d5a7f67292d5e2480a5e7d13d5e69b6229795cf09b7eb97d9e3783bd2392
MICITT-DGDCFD-DRII-AT-264-2023.pdf,sha256,1948ebd975715205211e0e61520c37250868f8cff4977b9978648c65ee7494dd
MICITT-DGDCFD-DRII-AT-264-2023.pdf,sha256,0284ebc8b81dd2894fbdb7ca298d1c2c85c41630b9b9ab99aed51aec86073aae
MICITT-DGDCFD-DRII-AT-264-2023.pdf,sha256,b97cfd0ea14f390894948861cacafbad2f88767d52477e339e2c0a6e4316793b
MICITT-DGDCFD-DRII-AT-264-2023.pdf,sha256,c59dc482b521b021813681f99a8570aa0f57a30bcf42d48667eb09ae635cc9a1
MICITT-DGDCFD-DRII-AT-264-2023.pdf,sha256,8637b972d5db5c4cb152b0a42f4866c9b574e68023b7620911af8e3d472d4701
MICITT-DGDCFD-DRII-AT-264-2023.pdf,sha256,7a60171a2366bc7cd2ea97ec50d4d90cf15e8b7c286f3840661aebec9f9b75ef
MICITT-DGDCFD-DRII-AT-264-2023.pdf,sha256,8cd071a056f555c793b95c82f9eff1fcf60e304a1e9589988e9819f27a754256
MICITT-DGDCFD-DRII-AT-264-2023.pdf,sha256,60421cb9998dc07efc07956fdcb5b73862c5145c108be6cec90e529940e3226e
MICITT-DGDCFD-DRII-AT-264-2023.pdf,sha256,83710bbb9d8d1cf68b425f52f2fb29d5ebbbd05952b60fb3f09e609dfcf1976c
MICITT-DGDCFD-DRII-AT-264-2023.pdf,sha256,c7cde31daa7f5d0923f9c7591378b4992765eac12efa75c1baaaefa5f6bdb2b6
MICITT-DGDCFD-DRII-AT-264-2023.pdf,sha256,f7ecbe51adcdb9d89535b9a5bbfa0be08867eeaa0b12cf7f43f66d797a909741
MICITT-DGDCFD-DRII-AT-264-2023.pdf,sha256,8897db876553f942b2eb4005f8475a232bafb82a50ca7761a621842e894a3d80
MICITT-DGDCFD-DRII-AT-264-2023.pdf,sha256,0f9e1390cb0b51a68e2c60b7dd7fcd79d3344db680721b2bbde0865e60269e28
MICITT-DGDCFD-DRII-AT-264-2023.pdf,sha256,a9dcdf037d39e88bc71ae844971e63aa78379d50ce47e8aaad0e4b1baf6c7040
MICITT-DGDCFD-DRII-AT-264-2023.pdf,sha256,38f6c7d9bdbf987f4c6049bcde678eb6a51e69413fde72eb61d4967745622882
MICITT-DGDCFD-DRII-AT-264-2023.pdf,sha256,b0844458aaa2eaf3e0d70a5ce41fc2540b7e46bdc402c798dbdfe12b59ab32c3
MICITT-DGDCFD-DRII-AT-264-2023.pdf,sha256,686704b95d8594a70d0305b7702d3518120ef4088795380847a48e313d017b4a
MICITT-DGDCFD-DRII-AT-264-2023.pdf,sha256,b0354649de6183d455a454956c008eb4dec093141af5866cc9ba7b314789844d
MICITT-DGDCFD-DRII-AT-264-2023.pdf,sha256,df4f432719d32be6cc61598e9ca9a982dc0b6f093f8314c8557457729df3b37f
MICITT-DGDCFD-DRII-AT-264-2023.pdf,sha256,a9f25933eb0dc82972d77854034dbc86220088eff4758a7df4e65f87ee1745e1
MICITT-DGDCFD-DRII-AT-264-2023.pdf,sha256,d3300411933046223ea5c8412cf77e40631186c6688bf5fdd37c873791541100
MICITT-DGDCFD-DRII-AT-264-2023.pdf,sha256,67f14cb9d372a7a295a96a82f2eab679b7373f3613df6b8dcf9434482047caa1
MICITT-DGDCFD-DRII-AT-264-2023.pdf,sha256,5706e1b595a9b7397ff923223a6bc4e4359e7b1292eaed5e4517adc65208b94b
MICITT-DGDCFD-DRII-AT-264-2023.pdf,sha256,355b9f70a2263dbc61ea894e192675a661a489340bd2bb569fed5d69e6eb7e36
MICITT-DGDCFD-DRII-AT-264-2023.pdf,sha256,91e18e5e048b39dfc8d250ae54471249d59c637e7a85981ab0c81cf5a4b8482d
MICITT-DGDCFD-DRII-AT-264-2023.pdf,sha256,9261b47b4fd67523f7afe640e55ccb95ec8b154b5dfa34a8564986ac3e97fe1a
MICITT-DGDCFD-DRII-AT-264-2023.pdf,sha256,881d60034e97cfa4e36b8da907e5d2e130c9f19abdd386990ee5a9cdce91d117
MICITT-DGDCFD-DRII-AT-264-2023.pdf,sha256,0d92dc6b1d5e47e815d9a1242f2ee417878d8b941d0e547602ad5fe2590a999b
MICITT-DGDCFD-DRII-AT-264-2023.pdf,sha256,28d2825b7ee97c8f6a1c6acac6fa6de28f35b10781abee65321ba0f53f9d401f
MICITT-DGDCFD-DRII-AT-264-2023.pdf,sha256,c9f213f89ae4eb4e3ef4ec3cd71d3440adfdb9aee07841da844e4c176ff53869
MICITT-DGDCFD-DRII-AT-264-2023.pdf,sha256,6512dbc29d05ff1667b1dbf46f46ff1478e0e1e5dcaafe881f00c73bd922e233
MICITT-DGDCFD-DRII-AT-264-2023.pdf,sha256,6537bdbd6b350022b95421209e5eb8cfd851a556904dd5b7b8a9189b21d40efb
MICITT-DGDCFD-DRII-AT-264-2023.pdf,sha256,bbe2c9751edbebcf1d665cdeaa26a7cb9c54f659d3336c0c0bd4086f74df4571
MICITT-DGDCFD-DRII-AT-264-2023.pdf,sha256,ee188b38b4ab978e71a84fe20b9609d888832f2f543a5ec6aa112d61450986d1
MICITT-DGDCFD-DRII-AT-264-2023.pdf,sha256,e3326104773ec70bdcba2a84e11681c3dc627b963981622164dc38167b03684c
MICITT-DGDCFD-DRII-AT-264-2023.pdf,sha256,e058280f4b15c1be6488049e0bdba555f1baf42e139b7251d6b2c230e28e0aef
MICITT-DGDCFD-DRII-AT-264-2023.pdf,sha256,5fecfd3f1827fb824dd2fbec8bdbd937f77997289d8f24842178b8ff3774359f
MICITT-DGDCFD-DRII-AT-264-2023.pdf,sha256,36e9cc2afe989974b0e5103674ac4eb8c0832711a4e6d38c4d7e411b4a21454f
MICITT-DGDCFD-DRII-AT-264-2023.pdf,sha256,3dfb4e7ca12b7176a0cf12edce288b26a970339e6529a0b2dad7114bba0e16c3
MICITT-DGDCFD-DRII-AT-264-2023.pdf,sha256,22f2ac9b810c4753439554f2f86d08557ee9b4e09fce709fa42be7ff4146323f
MICITT-DGDCFD-DRII-AT-264-2023.pdf,sha256,789d3b7383760181348323c5754689351a3a78b6c05dc87b98d9c7d4c46404ab
MICITT-DGDCFD-DRII-AT-264-2023.pdf,sha256,ac44cee7b064d2ef26af281a67129a29562da3b0dd763782855ab38328e01985
MICITT-DGDCFD-DRII-AT-264-2023.pdf,sha256,974a2e7a367df0fd708a9a397f0261374e7d32af7002183d41107d135936f3c1
MICITT-DGDCFD-DRII-AT-264-2023.pdf,sha256,37c28f34536c1b7e6f8435335a2206776654e9c683806a8ec75e620a90a1eab3
MICITT-DGDCFD-DRII-AT-264-2023.pdf,sha256,bd138d39442249fa4f78abbccb391b2a6de7f8f7f5d932143c554219dafae7e0
MICITT-DGDCFD-DRII-AT-264-2023.pdf,sha256,981ecfc67d7192f0e82f3f8042d7c26c78396a3a62e5e34c717db31aee566eca
MICITT-DGDCFD-DRII-AT-264-2023.pdf,sha256,2a72302c1e76b436da9f0e37941a6e3c1f9921a54bc0bf78d7fe90cf876a6516
MICITT-DGDCFD-DRII-AT-264-2023.pdf,sha256,1d4ccfa95990fbf6ee731db78a945bad5d3ffa82f0271d8c9aefd314b6ecc6af
MICITT-DGDCFD-DRII-AT-264-2023.pdf,sha256,0a1dca492597837d8e2edb7ec9e459fd264a7dc75a37287eed1c53838abff510
MICITT-DGDCFD-DRII-AT-264-2023.pdf,sha256,fc3e7ff40a45bccd83617ea952eccdfc93301c6673cce8de33b4bf924b8957d9
MICITT-DGDCFD-DRII-AT-264-2023.pdf,sha256,c99f4de75e3c6fe98d6fbbcd0a7dbf45e8c7539ec8dc77ce86cea2cfaf822b6a
MICITT-DGDCFD-DRII-AT-264-2023.pdf,sha256,f52c313277246ccd81420797967aff0a7353fe0f6badc77817e842120072efbd
MICITT-DGDCFD-DRII-AT-264-2023.pdf,sha256,cb28e7980ba2f1c718cd96401b9290719e7748ab9987abcf9ad9e376f6f60b37
MICITT-DGDCFD-DRII-AT-264-2023.pdf,sha256,47d288233a39a68396567e35a77a500e296218df3a4bc9daca797e75b4b03d4b
MICITT-DGDCFD-DRII-AT-264-2023.pdf,sha256,1d7b235e1d790516e7d4643bae43f5e32b05afdf6059d5d5fe2fa359c52a7a2f
MICITT-DGDCFD-DRII-AT-264-2023.pdf,ipv4,109.248.11.112
MICITT-DGDCFD-DRII-AT-264-2023.pdf,ipv4,62.173.141.252
MICITT-DGDCFD-DRII-AT-264-2023.pdf,ipv4,31.41.44.33
MICITT-DGDCFD-DRII-AT-264-2023.pdf,ipv4_defanf,198[.]46[.]140[.]52
MICITT-DGDCFD-DRII-AT-264-2023.pdf,ipv4_defanf,144[.]123[.]6[.]70
MICITT-DGDCFD-DRII-AT-264-2023.pdf,ipv4_defanf,222[.]173[.]222[.]228
MICITT-DGDCFD-DRII-AT-264-2023.pdf,ipv4_defanf,91[.]199[.]212[.]52
MICITT-DGDCFD-DRII-AT-264-2023.pdf,ipv4_defanf,62[.]173[.]141[.]252
MICITT-DGDCFD-DRII-AT-264-2023.pdf,ipv4_defanf,192[.]52[.]167[.]199
MICITT-DGDCFD-DRII-AT-264-2023.pdf,ipv4_defanf,45[.]144[.]227[.]42
MICITT-DGDCFD-DRII-AT-264-2023.pdf,ipv4_defanf,104[.]214[.]77[.]221
MICITT-DGDCFD-DRII-AT-264-2023.pdf,ipv4_defanf,104[.]168[.]132[.]128
MICITT-DGDCFD-DRII-AT-264-2023.pdf,ipv4_defanf,31[.]41[.]44[.]33
MICITT-DGDCFD-DRII-AT-264-2023.pdf,ipv4_defanf,156[.]146[.]45[.]207
MICITT-DGDCFD-DRII-AT-264-2023.pdf,ipv4_defanf,216[.]158[.]232[.]18
MICITT-DGDCFD-DRII-AT-264-2023.pdf,ipv4_defanf,138[.]199[.]40[.]178
MICITT-DGDCFD-DRII-AT-264-2023.pdf,ipv4_defanf,192[.]229[.]211[.]108
MICITT-DGDCFD-DRII-AT-264-2023.pdf,ipv4_defanf,123[.]168[.]11[.]194
MICITT-DGDCFD-DRII-AT-264-2023.pdf,ipv4_defanf,122[.]146[.]90[.]200
MICITT-DGDCFD-DRII-AT-264-2023.pdf,ipv4_defanf,104[.]168[.]145[.]204
MICITT-DGDCFD-DRII-AT-264-2023.pdf,ipv4_defanf,212[.]102[.]42[.]90
MICITT-DGDCFD-DRII-AT-264-2023.pdf,ipv4_defanf,168[.]62[.]36[.]85
MICITT-DGDCFD-DRII-AT-264-2023.pdf,ipv4_defanf,149[.]28[.]203[.]102
MICITT-DGDCFD-DRII-AT-264-2023.pdf,ipv4_defanf,20[.]99[.]184[.]37
MICITT-DGDCFD-DRII-AT-264-2023.pdf,ipv4_defanf,37[.]19[.]199[.]202
MICITT-DGDCFD-DRII-AT-264-2023.pdf,ipv4_defanf,109[.]248[.]11[.]112
MICITT-DGDCFD-DRII-AT-264-2023.pdf,ipv4_defanf,40[.]114[.]78[.]193
MICITT-DGDCFD-DRII-AT-264-2023.pdf,ipv4_defanf,192[.]129[.]189[.]73
MICITT-DGDCFD-DRII-AT-264-2023.pdf,ipv4_defanf,200[.]62[.]3[.]120
MICITT-DGDCFD-DRII-AT-264-2023.pdf,domain,micitt.go.cr
MICITT-DGDCFD-DRII-AT-264-2023.pdf,domain,resources.infosecinstitute.com
MICITT-DGDCFD-DRII-AT-264-2023.pdf,domain,crt.sectigo.com
MICITT-DGDCFD-DRII-AT-264-2023.pdf,domain,SectigoPublicCodeSigningCAR36.crt
MICITT-DGDCFD-DRII-AT-264-2023.pdf,domain,research.nccgroup.com
MICITT-DGDCFD-DRII-AT-264-2023.pdf,domain,zREg.jlk
MICITT-DGDCFD-DRII-AT-264-2023.pdf,domain,www.microsoft.com
MICITT-DGDCFD-DRII-AT-264-2023.pdf,domain,2G3.jlk
MICITT-DGDCFD-DRII-AT-264-2023.pdf,domain,www.securin.io
MICITT-DGDCFD-DRII-AT-264-2023.pdf,domain,j7.jlk
MICITT-DGDCFD-DRII-AT-264-2023.pdf,domain,08-31-2010.crt
MICITT-DGDCFD-DRII-AT-264-2023.pdf,domain,checklist.skype.com
MICITT-DGDCFD-DRII-AT-264-2023.pdf,domain_defang,typiconsult[.]com
MICITT-DGDCFD-DRII-AT-264-2023.pdf,domain_defang,adsmarketart[.]com
MICITT-DGDCFD-DRII-AT-264-2023.pdf,domain_defang,kordelservers[.]xyz
MICITT-DGDCFD-DRII-AT-264-2023.pdf,domain_defang,mwebsoft[.]com
MICITT-DGDCFD-DRII-AT-264-2023.pdf,domain_defang,consultane[.]com
MICITT-DGDCFD-DRII-AT-264-2023.pdf,domain_defang,rostraffic[.]com
MICITT-DGDCFD-DRII-AT-264-2023.pdf,domain_defang,traffichi[.]com
MICITT-DGDCFD-DRII-AT-264-2023.pdf,domain_defang,fakeframes[.]xyz
MICITT-DGDCFD-DRII-AT-264-2023.pdf,domain_defang,zohlm7ahjwegcedoz7lrdrti7bvpofymcayotp744qhx6gjmxbuo2yid[.]onion
MICITT-DGDCFD-DRII-AT-264-2023.pdf,domain_defang,128[.]nip
MICITT-DGDCFD-DRII-AT-264-2023.pdf,domain_defang,websitelistbuilder[.]com
MICITT-DGDCFD-DRII-AT-264-2023.pdf,domain_defang,cofeedback[.]com
MICITT-DGDCFD-DRII-AT-264-2023.pdf,domain_defang,bettyware[.]xyz
MICITT-DGDCFD-DRII-AT-264-2023.pdf,domain_defang,hotphonecall[.]xyz
MICITT-DGDCFD-DRII-AT-264-2023.pdf,domain_defang,advertstv[.]com
MICITT-DGDCFD-DRII-AT-264-2023.pdf,domain_defang,celebratering[.]xyz
MICITT-DGDCFD-DRII-AT-264-2023.pdf,domain_defang,advancedanalysis[.]be
MICITT-DGDCFD-DRII-AT-264-2023.pdf,domain_defang,amazingdonutco[.]com
MICITT-DGDCFD-DRII-AT-264-2023.pdf,domain_defang,veisllc[.]xyz
MICITT-DGDCFD-DRII-AT-264-2023.pdf,domain_defang,dns[.]proactiveads
MICITT-DGDCFD-DRII-AT-264-2023.pdf,domain_defang,wineguroo[.]xyz
MICITT-DGDCFD-DRII-AT-264-2023.pdf,domain_defang,va5vkfdihi5forrzsnmins436z3cbvf3sqqkl4lf6l6kn3t5kc5efrad[.]onion
MICITT-DGDCFD-DRII-AT-264-2023.pdf,domain_defang,gadgetops[.]xyz
MICITT-DGDCFD-DRII-AT-264-2023.pdf,domain_defang,tritravlife[.]xyz
MICITT-DGDCFD-DRII-AT-264-2023.pdf,domain_defang,justbesarnia[.]xyz
MICITT-DGDCFD-DRII-AT-264-2023.pdf,domain_defang_onion,zohlm7ahjwegcedoz7lrdrti7bvpofymcayotp744qhx6gjmxbuo2yid[.]onion
MICITT-DGDCFD-DRII-AT-264-2023.pdf,domain_defang_onion,va5vkfdihi5forrzsnmins436z3cbvf3sqqkl4lf6l6kn3t5kc5efrad[.]onion
MICITT-DGDCFD-DRII-AT-264-2023.pdf,domain_defang_other,"('104-168-132-128', '-128')"
MICITT-DGDCFD-DRII-AT-264-2023.pdf,url,http://109.248.11.112/
MICITT-DGDCFD-DRII-AT-264-2023.pdf,url,http://62.173.141.252/
MICITT-DGDCFD-DRII-AT-264-2023.pdf,url,https://www.securin.io/wastedlocker-ransomware-attack-indicators-of-compromise-iocs/
MICITT-DGDCFD-DRII-AT-264-2023.pdf,url,http://62.173.141.252/drew/YBzV1N2sHlr/Ik8l5n5Br1tqiK/DF2ycV4Pam9H4mWoXTJkF/bC
MICITT-DGDCFD-DRII-AT-264-2023.pdf,url,http://31.41.44.33/
MICITT-DGDCFD-DRII-AT-264-2023.pdf,url,http://www.microsoft.com/pki/certs/MicCodSigPCA
MICITT-DGDCFD-DRII-AT-264-2023.pdf,url,http://checklist.skype.com/
MICITT-DGDCFD-DRII-AT-264-2023.pdf,url,http://crt.sectigo.com/SectigoPublicCodeSigningRootR46.p7c
MICITT-DGDCFD-DRII-AT-264-2023.pdf,url,https://resources.infosecinstitute.com/topics/malware-analysis/wastedlocker-malware-what-it-
MICITT-DGDCFD-DRII-AT-264-2023.pdf,url,https://research.nccgroup.com/2020/06/23/wastedlocker-a-new-ransomware-variant-
MICITT-DGDCFD-DRII-AT-264-2023.pdf,url,http://crt.sectigo.com/SectigoPublicCodeSigningCAR36.crt
MICITT-DGDCFD-DRII-AT-264-2023.pdf,url,http://31.41.44.33/drew/x6t2AOOCWvnqdLttj3l/x6vVidZ3UwIS4xTNF9b1jE/SQ1CG6Mx4zM
MICITT-DGDCFD-DRII-AT-264-2023.pdf,url,http://checklist.skype.com/drew/FqMUVhIQnU/KRG
